{"cameraMode":{"drawMode":0,"name":"Shaded","section":"Shading Mode"},"sceneLighting":true,"audioPlay":false,"sceneViewState":{"showFog":true,"showMaterialUpdate":false,"showSkybox":true,"showFlares":true,"showImageEffects":true,"showParticleSystems":true},"in2DMode":false,"pivot":{"x":8.624385833740235,"y":-15.946269989013672,"z":18.247644424438478},"rotation":{"x":-0.45536094903945925,"y":-0.010151615366339684,"z":0.005192841403186321,"w":-0.8902339339256287},"size":67.18660736083985,"orthographic":false}